-- phpMyAdmin SQL Dump
-- version 5.2.1
-- https://www.phpmyadmin.net/
--
-- Host: 127.0.0.1
-- Generation Time: Jun 11, 2024 at 07:19 AM
-- Server version: 10.4.28-MariaDB
-- PHP Version: 8.2.4

SET SQL_MODE = "NO_AUTO_VALUE_ON_ZERO";
START TRANSACTION;
SET time_zone = "+00:00";


/*!40101 SET @OLD_CHARACTER_SET_CLIENT=@@CHARACTER_SET_CLIENT */;
/*!40101 SET @OLD_CHARACTER_SET_RESULTS=@@CHARACTER_SET_RESULTS */;
/*!40101 SET @OLD_COLLATION_CONNECTION=@@COLLATION_CONNECTION */;
/*!40101 SET NAMES utf8mb4 */;

--
-- Database: `curious_chronicles`
--

-- --------------------------------------------------------

--
-- Table structure for table `account`
--

CREATE TABLE `account` (
  `id` int(11) UNSIGNED NOT NULL,
  `firstName` varchar(50) NOT NULL,
  `lastName` varchar(50) NOT NULL,
  `username` varchar(50) NOT NULL,
  `email` varchar(50) NOT NULL,
  `password` varchar(255) NOT NULL,
  `avatar` varchar(255) NOT NULL,
  `isAdmin` tinyint(1) NOT NULL DEFAULT 0
) ENGINE=InnoDB DEFAULT CHARSET=utf8mb4 COLLATE=utf8mb4_general_ci;

--
-- Dumping data for table `account`
--

INSERT INTO `account` (`id`, `firstName`, `lastName`, `username`, `email`, `password`, `avatar`, `isAdmin`) VALUES
(1, 'Md. Tasnimur', 'Rahman', '_tasnim', 'tasnim.bd.cse@gmail.com', '$2y$10$7.UL6IppavvZa5fg5iFvtutPkIlZew/Ruie/TONUOBzyPUreCcYX2', '1716320502Tasnim.jpg', 1),
(6, 'Md. Mustakim', 'Hossain', 'mustakim', '221902279@student.green.edu.bd', '$2y$10$y0w6z9MRY9An0uNwXZvtGu6jWcN5Dsc2cPiDuIUzLryDD9vZweq.6', '1718030604mustakim.png', 1);

-- --------------------------------------------------------

--
-- Table structure for table `categories`
--

CREATE TABLE `categories` (
  `id` int(11) UNSIGNED NOT NULL,
  `title` varchar(50) NOT NULL,
  `description` text NOT NULL,
  `avatar` varchar(100) NOT NULL,
  `view` int(11) NOT NULL DEFAULT 0
) ENGINE=InnoDB DEFAULT CHARSET=utf8mb4 COLLATE=utf8mb4_general_ci;

--
-- Dumping data for table `categories`
--

INSERT INTO `categories` (`id`, `title`, `description`, `avatar`, `view`) VALUES
(1, 'Travel', 'Travel is the act of moving from one place to another, often over long distances, for leisure, exploration, or business purposes. It allows individuals to experience new cultures, landscapes, and activities, broadening their perspectives and creating memorable experiences. Whether journeying to exotic destinations or exploring familiar locales, travel can offer relaxation, adventure, and opportunities for personal growth and connection with others.', 'travel.jpg', 2),
(2, 'Culture', 'Culture refers to the collective customs, beliefs, behaviors, and artifacts that characterize a group or society. It encompasses language, religion, cuisine, social habits, music, arts, and traditions, shaping how people interact and perceive the world. Culture is passed down from generation to generation, evolving over time while maintaining core elements. It influences identity, social cohesion, and individual worldviews, playing a crucial role in societal development and personal experiences.', 'curlture.png', 4),
(3, 'Lifestyle', 'Lifestyle refers to the way a person or group lives, encompassing daily habits, behaviors, choices, and practices. It includes aspects such as diet, exercise, leisure activities, work-life balance, and social interactions. A person&#039;s lifestyle is influenced by various factors including cultural norms, socioeconomic status, personal preferences, and health considerations. Embracing a healthy lifestyle can lead to improved physical and mental well-being, while an unhealthy lifestyle can increase the risk of chronic diseases and other health issues. Lifestyle choices often reflect individual values and priorities, shaping overall quality of life.', 'lifestyle.jpeg', 0),
(4, 'Fashion', 'Fashion is a dynamic and ever-evolving industry that encompasses the creation and design of clothing, accessories, and footwear. It reflects cultural and social influences and serves as a means of self-expression and identity. Fashion trends are often cyclical, drawing inspiration from various eras and regions, and are influenced by designers, celebrities, and media. The fashion industry not only drives economic activity but also shapes societal norms and values, making it a significant aspect of contemporary life.', 'fashion.jpeg', 0),
(5, 'Food', 'Food is any substance consumed to provide nutritional support for the body. It is essential for life, supplying energy, building and repairing tissues, and regulating bodily processes. Food sources include plants, animals, and fungi, and it comes in various forms, such as fruits, vegetables, grains, meats, dairy products, and processed items. The nutrients in food, such as carbohydrates, proteins, fats, vitamins, and minerals, are vital for maintaining health and preventing diseases. Cultural, social, and personal preferences significantly influence food choices and eating habits around the world.', 'food.jpeg', 2),
(6, 'Space', 'Space is the vast, seemingly infinite expanse that exists beyond Earth&#039;s atmosphere. It encompasses all celestial bodies, including stars, planets, moons, asteroids, and comets, as well as the voids and interstellar matter between them. Space is characterized by a near-total vacuum, which means it has very low density and pressure, allowing for the existence of cosmic phenomena like black holes, galaxies, and nebulae. The exploration and study of space have led to significant advancements in our understanding of the universe, revealing its immense scale, complexity, and the fundamental laws of physics that govern it.', 'space.jpeg', 2),
(8, 'Minimal', 'Minimalism is a design philosophy that emphasizes simplicity, functionality, and the use of minimal elements to achieve maximum effect. It focuses on reducing clutter, using clean lines, and incorporating only essential components. In art and design, minimalism often features a monochromatic palette, geometric shapes, and open spaces, creating a sense of order and tranquility. This approach can be applied to various fields, including visual arts, architecture, interior design, and lifestyle, promoting the idea that less is more and encouraging intentional living and design choices.', 'minimal.jpeg', 2),
(9, 'Interior', 'Interior design is the art and science of enhancing the interior of a space to create a more aesthetically pleasing and functional environment. It involves selecting color schemes, furniture, lighting, and materials to achieve a cohesive look that meets the needs and preferences of the occupants. Interior designers consider architectural elements, spatial arrangements, and decorate to transform spaces into comfortable and attractive areas, whether they are residential, commercial, or public. The goal is to optimize both form and function, ensuring the space is both beautiful and practical.', 'interior.jpeg', 0),
(10, 'Plant', 'Plants are multicellular organisms belonging to the kingdom Plantae, characterized by their ability to photosynthesize, converting light energy into chemical energy. They play a fundamental role in ecosystems, serving as primary producers and providing oxygen while absorbing carbon dioxide. Plants exhibit a wide variety of forms, from tiny mosses to towering trees, and fulfill diverse ecological functions, including food production, habitat provision, and soil stabilization. They possess specialized structures such as roots, stems, leaves, and reproductive organs adapted for various environments. Additionally, plants contribute to human well-being through agriculture, medicine, and aesthetic enjoyment.', 'plant.jpeg', 2),
(11, 'Nature', 'Nature encompasses the phenomena of the physical world, including plants, animals, landscapes, and the forces that shape them. It&#039;s the intricate web of life on Earth, from majestic mountains to tiny microorganisms, and everything in between. Nature provides essential resources for life, inspires creativity and wonder, and reminds us of our connection to the broader universe. It&#039;s a source of beauty, biodiversity, and balance, deserving of our respect, preservation, and admiration.', 'nature.jpeg', 0),
(12, 'Business', 'Business refers to the organized effort of individuals to produce and sell goods or services in order to generate profit. It encompasses various activities such as production, marketing, finance, and management, all aimed at achieving sustainable growth and success. Businesses operate within a framework of legal and economic systems, adapting to market demands, competition, and technological advancements. They play a crucial role in driving economic growth, providing employment opportunities, and meeting the needs and desires of consumers.', 'business.jpeg', 0),
(13, 'Animal', 'Animals are multicellular, eukaryotic organisms belonging to the biological kingdom Animalia. They are characterized by their ability to move voluntarily, consume organic material for energy, and have specialized sensory and nervous systems to respond to their environment. Animals exhibit diverse forms and functions, ranging from simple invertebrates like sponges and insects to complex vertebrates such as mammals, birds, reptiles, amphibians, and fish. They play crucial roles in ecosystems as predators, prey, and participants in symbiotic relationships, contributing to the balance of nature.', 'animal.jpeg', 0),
(14, 'Science', 'Science is humanity&#039;s quest to grasp the universe, from the tiniest particle to galaxies far away. It&#039;s a meticulous process of asking questions, gathering evidence, and building knowledge about our world.\r\n\r\nThis blog is your portal to exciting science! We&#039;ll journey through physics, biology, and beyond, uncovering the wonders that surround us. We&#039;ll celebrate breakthroughs, meet the brilliant minds behind them, and explore the ongoing pursuit of knowledge.\r\n\r\nScience isn&#039;t just facts &ndash; it&#039;s about the stories, the challenges, and the potential to shape our future. Join us, whether you&#039;re a science buff or just curious. We&#039;ll make science engaging and spark your curiosity!', '1718081986science-representative.jpg', 1);

-- --------------------------------------------------------

--
-- Table structure for table `posts`
--

CREATE TABLE `posts` (
  `id` int(11) UNSIGNED NOT NULL,
  `title` varchar(255) DEFAULT NULL,
  `body` text DEFAULT NULL,
  `thumbnail` varchar(255) DEFAULT NULL,
  `date_time` timestamp NOT NULL DEFAULT current_timestamp(),
  `categoryId` int(11) UNSIGNED DEFAULT NULL,
  `userId` int(11) UNSIGNED DEFAULT NULL,
  `isFeatured` tinyint(1) DEFAULT NULL,
  `badge` varchar(50) DEFAULT NULL
) ENGINE=InnoDB DEFAULT CHARSET=utf8mb4 COLLATE=utf8mb4_general_ci;

--
-- Dumping data for table `posts`
--

INSERT INTO `posts` (`id`, `title`, `body`, `thumbnail`, `date_time`, `categoryId`, `userId`, `isFeatured`, `badge`) VALUES
(1, 'Lost in the Land of the Midnight Sun: Exploring Iceland&#039;s Natural Wonders', 'Iceland, a land of fire and ice, is a dream destination for many travelers. This Nordic island nation boasts a dramatic landscape unlike any other, with glaciers, volcanoes, waterfalls, geothermal pools, and black sand beaches all vying for your attention. Whether you&#039;re a hiker, photographer, nature enthusiast, or simply seeking a unique adventure, Iceland has something to offer everyone.\r\n\r\nVolcanic Marvels and Geothermal Delights\r\n\r\nIceland is a geologically young country, sitting on a rift between the Eurasian and North American tectonic plates. This constant activity results in a land dotted with volcanoes, some active, some dormant. Witnessing a volcanic eruption firsthand is an unforgettable experience, but even dormant volcanoes offer stunning scenery.\r\n\r\nA must-visit is Thingvellir National Park, where you can walk right between the tectonic plates.  For a truly geothermal experience, head to the Blue Lagoon, a milky-turquoise pool filled with warm, mineral-rich water. Bathing in the lagoon is said to have therapeutic benefits, and the otherworldly setting is simply magical.\r\n\r\nWaterfalls Galore\r\n\r\nIceland is home to countless waterfalls, each with its own unique beauty. The most famous is Gullfoss, also known as the Golden Falls, a powerful cascade plunging 32 meters into a deep canyon. Seljalandsfoss and Skogafoss are two other popular waterfalls, both offering stunning views and opportunities to get up close (be prepared to get wet!).\r\n\r\nGlacier Hiking and Ice Caving\r\n\r\nIceland is home to Europe&#039;s largest glaciers, Vatnajokull and Langjokull. These massive ice sheets offer a glimpse of a bygone era and provide incredible opportunities for exploration. Hike across the glacial ice, or delve into the heart of a glacier by exploring an ice cave, a dazzling world of blue hues and intricate formations.\r\n\r\nNorthern Lights Spectacle\r\n\r\nIf you visit Iceland between late September and mid-April, you might be lucky enough to witness the aurora borealis, o', '1717164105Iceland&#039;s_Natural_Wonders.jpeg', '2024-05-31 14:01:45', 1, 1, 1, ''),
(7, 'NASA&#039;s Lucy Mission Discovers Surprisingly Complex Asteroid', 'NASA&#039;s Lucy mission, launched in October 2021, has already begun to shed light on the mysteries of the Trojan asteroids, a group of asteroids that share Jupiter&#039;s orbit.  Recently, the Lucy spacecraft captured detailed images of the asteroid (132134) Dinkinesh, revealing a surprisingly complex object.\r\n\r\nDinkinesh, a binary asteroid with two lobes connected by a narrow neck, is unlike anything previously observed in the Trojan population.  Scientists believe that binary asteroids are formed when two separate objects collide and stick together. However, Dinkinesh&#039;s lopsided appearance and uneven distribution of mass suggest a more turbulent formation history.\r\n\r\n&quot;The Lucy mission is providing us with an unprecedented opportunity to study these ancient relics of the solar system&#039;s formation,&quot; says Dr. Harold Levison, Lucy mission investigator. &quot;The unexpected complexity of Dinkinesh is a exciting puzzle that we&#039;re eager to unravel.&quot;\r\n\r\nThe Lucy mission will continue to study Dinkinesh and other Trojan asteroids in the coming years.  By analyzing their compositions and structures, scientists hope to gain a better understanding of the early history of our solar system.&quot;&quot;&quot;&quot;&quot;&quot;&quot;', '1717219595_Lucy mission.jpeg', '2024-05-31 14:36:06', 6, 1, 1, ''),
(11, 'Minimalism: A Design Philosophy for the Modern World', 'Minimalism is a design philosophy that emphasizes simplicity and functionality. It originated as an art movement in the early 20th century, but its principles have since been applied to a wide range of fields, including architecture, interior design, graphic design, product design, and even fashion.\r\n\r\nCore Principles of Minimalism\r\n\r\nFocus on function: Minimalist designs prioritize function over form. Every element should serve a purpose and contribute to the overall functionality of the space or object.\r\nLess is more: Minimalism emphasizes using fewer elements to create a more impactful and serene space. This doesn&#039;t mean that minimalist designs are bare or boring; rather, it means that each element is carefully chosen and intentionally placed.\r\nClean lines and uncluttered spaces: Minimalist designs typically feature clean lines, geometric shapes, and neutral color palettes. This creates a sense of order and calm.\r\nHigh-quality materials: Because there are fewer elements in a minimalist design, the quality of those elements is especially important. Minimalists often favor natural materials, such as wood, stone, and metal.\r\nUse of negative space: Negative space, or the empty space around the elements in a design, is just as important as the elements themselves in minimalism. It creates a sense of balance and allows the elements to breathe.\r\nBenefits of Minimalism\r\n\r\nThere are many benefits to adopting a minimalist approach to design. Here are a few:\r\n\r\nReduced stress: Clutter can be a major source of stress. By minimizing the number of possessions and creating a more streamlined environment, minimalism can help to reduce stress and promote feelings of calm and peace.\r\nIncreased focus: A minimalist environment is less distracting, which can help to improve focus and concentration.\r\nEasier cleaning and maintenance: With fewer possessions and a simpler design, cleaning and maintaining a minimalist space is much easier.\r\nEnhanced appreciation for quality: When you', '1717203167minimalist-interior-1.jpg', '2024-06-01 00:52:47', 8, 1, 0, ''),
(12, 'Less is More: A Look at Minimalism', 'Minimalism is a lifestyle trend that focuses on living with less. It&#039;s about decluttering your physical space, but also your mental space. Minimalists believe that by owning fewer possessions, they can free up time, energy, and money to focus on what truly matters in life.\r\n\r\nThere are many benefits to minimalism. It can lead to a more organized and clutter-free home, which can reduce stress and make it easier to relax. It can also save you money, as you&#039;ll be less likely to impulse buy things you don&#039;t need. And perhaps most importantly, minimalism can help you to focus on what truly matters in life, such as your relationships, experiences, and personal growth.\r\n\r\nIf you&#039;re interested in trying minimalism, there are a few things you can do. Start by decluttering your home. Get rid of anything that you don&#039;t use, love, or need. Once you&#039;ve decluttered your physical space, you can start to declutter your mental space. This might involve simplifying your routines, setting boundaries, and learning to say no to things that don&#039;t align with your values.\r\n\r\nMinimalism is not about deprivation or living a joyless life. It&#039;s about living intentionally and with purpose. It&#039;s about making room for the things that truly matter in your life.', '1718030204less is more.jpeg', '2024-06-10 14:36:44', 8, 1, 1, ''),
(13, 'The World&#039;s Tapestry: Exploring Culture', 'Culture is the vibrant tapestry of human experience woven from the threads of shared beliefs, values, traditions, and practices. It encompasses everything from the food we eat and the clothes we wear to the music we listen to and the stories we tell. Culture shapes who we are, how we see the world, and how we interact with others.\r\n\r\nA Kaleidoscope of Cultures\r\n\r\nCultures exist on a spectrum, from grand national identities to close-knit ethnic communities.  Within a single country, there can be a multitude of subcultures, each with its own unique flavor. Think about the vibrant Cajun culture of Louisiana in the US, contrasting with the fast-paced, business-oriented culture of New York City.\r\n\r\nThe Building Blocks of Culture\r\n\r\nSeveral key elements come together to form a culture:\r\n\r\nLanguage: The way we communicate shapes how we think and understand the world.\r\nReligion: Belief systems provide frameworks for meaning and purpose in life.\r\nArt and Music: These creative expressions capture the essence of a culture&#039;s values and emotions.\r\nFood: Cuisine reflects a culture&#039;s history, geography, and ingenuity.\r\nSocial Norms: Unspoken rules guide behavior and interactions within a society.\r\nTraditions: Rituals and practices passed down through generations connect people to their heritage.\r\nCulture: A Dynamic Entity\r\n\r\nCultures are not static. They evolve and adapt over time, borrowing elements from each other through trade, migration, and technological advancements. Globalization has accelerated this cultural exchange, creating a more interconnected world.\r\n\r\nUnderstanding Culture:  A Bridge Between People\r\n\r\nAppreciating cultural differences is vital in today&#039;s world. By learning about other cultures, we can foster empathy, understanding, and tolerance. Cultural exchange allows us to see the world through new lenses and broadens our perspectives.\r\n\r\nExplore a Culture Near You!\r\n\r\nEven within your own city or town, you can discover the richness of different c', '1718030334tepestry.jpeg', '2024-06-10 14:38:54', 2, 1, 0, ''),
(14, 'Show drafts volume up  Celebrating Day of the Dead: A Look at Mexico&#039;s Vibrant Culture', 'Culture is a vibrant tapestry woven from the threads of tradition, belief, and artistic expression. In Mexico, this tapestry is particularly rich and colorful, with a unique blend of indigenous and European influences. One of the most fascinating expressions of Mexican culture is the D&iacute;a de Muertos (Day of the Dead), a two-day celebration observed on November 1st and 2nd.\r\n\r\nA Celebration of Life, Not Death\r\n\r\nUnlike Halloween, which focuses on the spooky and scary aspects of death, D&iacute;a de Muertos is a joyous celebration of life and the enduring connection between the living and the dead. Families gather in cemeteries to decorate the graves of loved ones with vibrant marigolds, sugar skulls (calaveras), and offerings of their favorite foods and drinks. These offerings are believed to nourish the spirits who return to the earthly realm during this time.\r\n\r\nRich Traditions and Symbolism\r\n\r\nThe vibrant orange marigolds, known as cempas&uacute;chil, are believed to guide the spirits home with their bright color and fragrant scent. Sugar skulls, often decorated with intricate icing and playful designs, represent death in a lighthearted and satirical way. Families also create elaborate ofrendas (offerings), which can include personal items, photographs, and even toys for deceased children.\r\n\r\nA UNESCO Intangible Cultural Heritage\r\n\r\nD&iacute;a de Muertos is a deeply rooted tradition that has been practiced in Mexico for centuries. Its unique blend of indigenous and European customs earned it recognition as an Intangible Cultural Heritage by UNESCO in 2008. This recognition highlights the importance of this tradition in preserving Mexican cultural identity and fostering a sense of community.\r\n\r\nM&aacute;s All&aacute; de la Muerte (Beyond Death)\r\n\r\nD&iacute;a de Muertos is more than just a graveyard ritual. It&#039;s a vibrant celebration that spills over into streets and homes. Parades with giant, papier-m&acirc;ch&eacute; skeletons and sugar skull figures fi', '1718033331day of the dead.jpeg', '2024-06-10 15:28:51', 2, 6, 1, ''),
(15, 'D&iacute;a de Muertos: A Celebration of Life, Not Death', 'Culture is a vibrant tapestry woven from traditions, beliefs, and practices. Today, we delve into the unique and colorful world of Mexico&#039;s D&iacute;a de Muertos, or Day of the Dead.\r\n\r\nUnlike Halloween, which focuses on the spooky and scary, D&iacute;a de Muertos is a joyful celebration of life and the enduring love for deceased loved ones. Families gather to create intricate altars, called &quot;ofrendas,&quot; laden with offerings to welcome the spirits back to the earthly realm. These offerings can include:\r\n\r\nPan de Muerto (Bread of the Dead): A sweet bread adorned with sugar skulls, symbolizing death and rebirth.\r\nSugar Skulls: Decorated with colorful icing and representing departed loved ones.\r\nMarigolds: Believed to guide the spirits home with their vibrant colors and pungent scent.\r\nPhotos and Mementos: Personal items that remind families of their loved ones.\r\nFood and Drinks: Favorite dishes and beverages of the deceased are placed on the altar.\r\nThese vibrant offerings create a festive atmosphere where families reminisce, share stories, and celebrate the lives of those who have passed.  D&iacute;a de Muertos is a time to remember that death is a natural part of life&#039;s cycle, and that the love we share with our loved ones transcends even physical separation.\r\n\r\nThis beautiful tradition highlights the importance of cultural heritage. It reminds us to cherish our families and keep the memories of loved ones alive.  So, the next time you hear about D&iacute;a de Muertos, remember, it&#039;s not a day to mourn, but a vibrant celebration of life!', '1718033945Dia de muertos.jpeg', '2024-06-10 15:39:05', 2, 6, 0, ''),
(16, 'The Mighty Mangrove: A Guardian of the Coast', 'Plants are the silent powerhouses of our planet. They not only provide us with food and oxygen, but also play a crucial role in maintaining healthy ecosystems. Today, we turn our spotlight to the mighty mangrove, a fascinating tree that thrives in harsh coastal environments.\r\n\r\nMangroves are a unique group of trees and shrubs that have adapted to survive in intertidal zones, where saltwater meets freshwater. Their tangled root systems rise above the water, creating a complex and vital ecosystem.  Here&#039;s why mangroves are considered guardians of the coast:\r\n\r\nCoastal Protectors: Mangrove forests act as natural barriers, absorbing the brunt of wave energy and storm surges. This reduces coastal erosion and protects inland areas from flooding.\r\n\r\nCradle of Life: The intricate root system of mangroves provides a haven for a diverse array of marine life. Fish, crustaceans, and shellfish find food and shelter amongst the roots, while birds utilize the branches for nesting.\r\n\r\nFiltration Champions: Mangroves act as natural filters, trapping sediments and pollutants from land runoff before they reach the ocean. This helps to maintain the health of coastal waters.\r\n\r\nClimate Change Warriors: Mangrove forests store vast amounts of carbon dioxide, making them a crucial player in the fight against climate change.\r\n\r\nThese are just a few reasons why mangroves are so vital to the health of our planet.  Sadly, mangrove forests are being lost at an alarming rate due to human activities like deforestation and coastal development.\r\n\r\nThere are however, ongoing efforts towards mangrove conservation.  Planting initiatives and stricter environmental regulations are crucial steps in protecting these vital ecosystems.\r\n\r\nSo next time you see an image of a lush mangrove forest, remember the important role these trees play in safeguarding our coasts, our oceans, and our planet.&quot;&quot;&quot;', '1718034212Mangrove.jpeg', '2024-06-10 15:43:32', 10, 6, 1, ''),
(17, 'Supercharge Your Health: Simple Tips for a Vibrant Life', 'Feeling sluggish? Want to add more pep to your step?  Incorporating some simple health tips into your daily routine can make a big difference in your overall well-being. Here are a few easy steps to get you started:\r\n\r\nFuel Your Body Right:\r\n\r\nEat a Rainbow:  Make your plate a canvas of color by incorporating a variety of fruits and vegetables.  These are packed with essential vitamins, minerals, and fiber that keep your body functioning optimally.\r\n\r\nTame the Sugar Monster:  Excessive sugar intake can lead to weight gain, fatigue, and even chronic health problems. Limit sugary drinks and processed foods, and opt for natural sweeteners like fruits.\r\n\r\nHydration Hero: Water is essential for every bodily function. Aim to drink eight glasses of water per day to stay hydrated, improve cognitive function, and boost your energy levels.\r\n\r\nMove It or Lose It:\r\n\r\nGet Active: Regular physical activity is a cornerstone of good health. Find activities you enjoy, whether it&#039;s a brisk walk, a dance class, or a yoga session. Aim for at least 30 minutes of moderate-intensity exercise most days of the week.\r\n\r\nStrength Matters: Don&#039;t neglect strength training. Building muscle mass not only improves your physique but also helps boost metabolism and bone health.\r\n\r\nTake the Stairs: Small changes can make a big difference. Opt for the stairs instead of the elevator, park further away from your destination, and take active breaks throughout the day.\r\n\r\nPrioritize Rest and Relaxation\r\n\r\nSleep Sanctuary: Getting enough quality sleep is vital for physical and mental rejuvenation. Aim for 7-8 hours of sleep each night to wake up feeling refreshed and energized.\r\n\r\nStress Less: Chronic stress can wreak havoc on your health. Find healthy ways to manage stress, such as meditation, deep breathing exercises, or spending time in nature.\r\n\r\nDigital Detox: Take breaks from technology. Unplug before bed, and avoid screen time during meals. This allows your mind and body to relax and recha', '1718035215vibrant life.jpeg', '2024-06-10 16:00:15', 5, 6, 1, 'Health Tips'),
(18, 'The Venus Flytrap: A Deceptive Delicacy', 'Plants come in all shapes and sizes, with a vast array of adaptations that allow them to thrive in diverse environments. But some plants take things a step further, developing unique strategies to survive. Today, we meet the captivating Venus flytrap (Dionaea muscipula), a carnivorous marvel native to the coastal plains of North and South Carolina.\r\n\r\nThis seemingly delicate plant defies expectations. Unlike most plants that obtain nutrients from the soil, the Venus flytrap has evolved to trap and consume insects and other small invertebrates.  Here&#039;s how this captivating carnivore works its magic:\r\n\r\nThe Alluring Trap:  The Venus flytrap boasts vibrant red, heart-shaped leaves lined with delicate-looking, yet razor-sharp teeth. These leaves act as specialized traps, secreting a sweet-smelling nectar to lure unsuspecting prey.\r\n\r\nTrigger Happy:  The inner surface of the trap is lined with tiny hairs &ndash; the triggers.  When an insect brushes against these hairs, the trap snaps shut with remarkable speed, ensnaring the hapless victim.\r\n\r\nA Slow and Savory Meal:  The trap then releases digestive enzymes, slowly dissolving the insect and absorbing its nutrients.  The entire process can take several days, after which the trap reopens, ready for its next unsuspecting visitor.\r\n\r\nA Master of Adaptation:  The Venus flytrap&#039;s carnivorous nature is an adaptation to its nutrient-poor, boggy habitat.  By consuming insects, it obtains essential nitrogen, a vital nutrient for plant growth, that&#039;s scarce in its environment.\r\n\r\nThe Venus flytrap is more than just a fascinating oddity; it&#039;s a testament to the incredible diversity and ingenuity of the plant kingdom.  However,  the Venus flytrap faces threats due to habitat loss and illegal poaching. Conservation efforts are underway to protect this unique and captivating plant.\r\n\r\nSo, the next time you encounter an image of the Venus flytrap, remember the power of adaptation and the captivating ways plants hav', '1718035761deceptive.jpeg', '2024-06-10 16:09:21', 10, 6, 1, ''),
(19, 'Iceland: Land of Fire and Ice', 'Iceland, a Nordic island nation, is a land of dramatic landscapes unlike any other. Nicknamed the &quot;Land of Fire and Ice,&quot; it boasts glaciers, volcanoes, geothermal hot springs, waterfalls, and black sand beaches, all packed into a relatively small island. Whether you&#039;re a nature enthusiast, a history buff, or simply seeking an otherworldly adventure, Iceland has something to offer every traveler.\r\n\r\nNatural Wonders Take Center Stage\r\n\r\nIceland&#039;s crown jewels are undoubtedly its natural wonders. The glaciers, remnants of the last ice age, cover a significant portion of the island. Jokulsarlon glacier lagoon, with its icebergs bobbing on the turquoise water, is a sight to behold. Witnessing the raw power of Gullfoss waterfall or the cascading Seljalandsfoss waterfall surrounded by lush green moss is an awe-inspiring experience.\r\n\r\nVolcanic Fury Shapes the Landscape\r\n\r\nIceland&#039;s fiery heart is evident in its volcanic activity. Witnessing the geothermal wonders of Geysir, where hot springs erupt spectacularly, is a must-do. Take a hike through Landmannalaugar, a geothermal wonderland with colorful rhyolite mountains, or explore the volcanic craters like Kerid.\r\n\r\nA Glimpse into Viking History\r\n\r\nIceland boasts a rich Viking history. Explore the capital city, Reykjavik, with its colorful houses and vibrant nightlife. Visit Thingvellir National Park, where the world&#039;s oldest parliament once met. Immerse yourself in Viking culture at the Saga Museum, showcasing artifacts and settlements from the Viking Age.\r\n\r\nSoak in the Geothermal Delights\r\n\r\nIceland&#039;s geothermal activity provides a unique opportunity to experience the Blue Lagoon, a milky-turquoise colored geothermal spa known for its therapeutic waters. Bathe under the midnight sun or the Northern Lights in this surreal setting.\r\n\r\nBeyond the Tourist Trail\r\n\r\nFor the adventurous traveler, Iceland offers a plethora of off-the-beaten-path experiences. Go spelunking in a lava tube, embar', '1718067441iceland.jpg', '2024-06-11 00:57:21', 11, 1, 0, ''),
(20, 'Trekking Through Tanzania: A Safari Adventure You Won&#039;t Forget  pen_spark', 'Tanzania, the land of the Serengeti and Mount Kilimanjaro, beckons adventurous travelers seeking an unforgettable safari experience. From vast savannas teeming with wildlife to the majestic peak of Africa&#039;s highest mountain, Tanzania offers a thrilling glimpse into the heart of the African continent.\r\n\r\nEmbark on an Unforgettable Safari\r\n\r\nThe Serengeti National Park, Tanzania&#039;s crown jewel, is a must-visit for any safari enthusiast. Here, witness the awe-inspiring spectacle of the Great Migration, where millions of wildebeest and zebra embark on a seasonal journey across the plains. Watch out for predators like lions, leopards, and cheetahs as they hunt their prey.\r\n\r\nBeyond the Serengeti\r\n\r\nTanzania boasts a diverse range of national parks, each offering a unique experience. Explore the Ngorongoro Crater, a UNESCO World Heritage Site, where a variety of animals roam within a collapsed volcanic caldera. Spot chimpanzees swinging through the trees in Gombe Stream National Park, or witness the pink flamingos wading in the shallows of Lake Manyara National Park.\r\n\r\nClimbing Kilimanjaro: A Once-in-a-Lifetime Challenge\r\n\r\nFor the truly adventurous, scaling the slopes of Mount Kilimanjaro is the ultimate challenge. This dormant volcano, dubbed the &quot;Roof of Africa,&quot; offers breathtaking views and a sense of accomplishment that will stay with you forever. Choose from various trekking routes, each with its own challenges and rewards.\r\n\r\nEncountering Tanzania&#039;s Rich Culture\r\n\r\nTanzania is more than just wildlife. Immerse yourself in the rich culture of the Maasai people, nomadic pastoralists known for their vibrant clothing and traditional way of life. Visit local villages, learn about their customs, and witness their unique dances.\r\n\r\nPlanning Your Tanzanian Safari\r\n\r\nThe dry season (June to October) offers the best weather for spotting wildlife, while the wet season (November to May) boasts lush landscapes and fewer crowds. Consider combining your s', '1718067729zebra.png', '2024-06-11 01:02:09', 1, 1, 0, 'Wild Life'),
(21, 'Unveiling the Majesty of the Himalayas: A Trekker&#039;s Paradise', 'The Himalayas, the world&#039;s most impressive mountain range, stretch across five countries: Nepal, India, Bhutan, China, and Pakistan.  They are home to Mount Everest, the tallest mountain in the world, as well as countless other snow-capped peaks, glaciers, valleys, and forests. The Himalayas are a popular destination for trekking, mountaineering, and cultural exploration.\r\n\r\nHere are some of the things you can see and do in the Himalayas:\r\n\r\nTrekking: The Himalayas offer some of the world&#039;s most spectacular trekking trails, ranging from easy day hikes to challenging multi-week expeditions. Some of the most popular treks include the Everest Base Camp Trek, the Annapurna Circuit Trek, and the Langtang Trek.\r\n\r\n\r\nwww.himalayanhikers.in\r\nEverest Base Camp Trek in the Himalayas\r\nMountaineering: The Himalayas are a dream destination for mountaineers of all levels. Permits are required for climbing most peaks, and it is important to be properly trained and equipped before attempting any climb.\r\nCultural Exploration: The Himalayas are home to a rich and diverse culture. Visit ancient Buddhist monasteries, explore traditional villages, and learn about the customs and traditions of the people who live in the mountains.\r\nOpens in a new window\r\nwww.soulveda.com\r\nBuddhist monasteries in the Himalayas\r\nWildlife Watching: The Himalayas are home to a variety of wildlife, including snow leopards, musk deer, Himalayan tahr, and Bharal.\r\nHere are some things to consider when planning a trip to the Himalayas:\r\n\r\nThe best time to visit: The best time to visit the Himalayas depends on what you want to do. The trekking season generally runs from March to May and September to November. Winter can be a good time to visit if you are interested in mountaineering or skiing.\r\nPermits: Permits are required for trekking in many parts of the Himalayas. You can usually obtain permits through a trekking company.\r\nVisas: You will need a visa to visit most of the countries in the Himalayas. ', '1718067979Everest-Base-Camp.jpg', '2024-06-11 01:06:19', 1, 1, 1, 'Himalaya Tour Guide'),
(22, 'The Power of CRISPR: Unlocking the Potential of Gene Editing', 'CRISPR gene editing has emerged as a revolutionary tool in the realm of biotechnology, offering unparalleled precision in modifying an organism&#039;s DNA.  This technology holds immense potential for applications in medicine, agriculture, and even conservation efforts.\r\n\r\nUnderstanding CRISPR:\r\n\r\nCRISPR, which stands for &quot;Clustered Regularly Interspaced Short Palindromic Repeats,&quot; is based on a natural defense system found in bacteria. Bacteria use CRISPR alongside Cas9, an enzyme, to protect themselves from viruses. Scientists have adapted this system to target specific locations in a cell&#039;s DNA. By delivering a customized guide RNA molecule and Cas9 enzyme into a cell, researchers can essentially cut and edit genes with remarkable accuracy.\r\n\r\nThe Potential of CRISPR:\r\n\r\nThe ability to edit genes opens a new frontier in healthcare. CRISPR offers the potential to treat genetic diseases at their root cause by correcting faulty genes.  For instance, scientists are exploring CRISPR as a treatment for cystic fibrosis, sickle cell anemia, and even some cancers.  Furthermore, CRISPR can be used to engineer cells to fight diseases like HIV by making them resistant to infection.\r\n\r\nBeyond medicine, CRISPR can revolutionize agriculture.  Scientists can use CRISPR to create crops that are more resistant to pests and diseases, improving food security.  Additionally, crops can be engineered to be more drought-tolerant or have higher nutritional value.\r\n\r\nEthical Considerations:\r\n\r\nThe power of CRISPR is undeniable, but its potential for misuse raises ethical concerns.  Editing the human germline, which refers to the genetic material passed down to future generations, is currently banned in many countries due to the unpredictable consequences of altering the human gene pool.  Open discussions and regulations are crucial to ensure the responsible development and application of CRISPR technology.\r\n\r\nThe Future of CRISPR:\r\n\r\nCRISPR gene editing is still in its early stages, but its potential is vast.  As research continues, we can expect even greater breakthroughs in medicine, agriculture, and other fields.  CRISPR offers a powerful tool to improve our lives, but it is imperative to use it wisely and ethically.', '1718082390the-power-of-crispr-unlocking-the-potential-of-gene-e.jpg', '2024-06-11 05:06:30', 14, 1, 1, '');

--
-- Indexes for dumped tables
--

--
-- Indexes for table `account`
--
ALTER TABLE `account`
  ADD PRIMARY KEY (`id`),
  ADD UNIQUE KEY `email` (`email`),
  ADD UNIQUE KEY `username` (`username`);

--
-- Indexes for table `categories`
--
ALTER TABLE `categories`
  ADD PRIMARY KEY (`id`);

--
-- Indexes for table `posts`
--
ALTER TABLE `posts`
  ADD PRIMARY KEY (`id`),
  ADD KEY `fk_user_id` (`userId`),
  ADD KEY `fk_category_id` (`categoryId`);

--
-- AUTO_INCREMENT for dumped tables
--

--
-- AUTO_INCREMENT for table `account`
--
ALTER TABLE `account`
  MODIFY `id` int(11) UNSIGNED NOT NULL AUTO_INCREMENT, AUTO_INCREMENT=7;

--
-- AUTO_INCREMENT for table `categories`
--
ALTER TABLE `categories`
  MODIFY `id` int(11) UNSIGNED NOT NULL AUTO_INCREMENT, AUTO_INCREMENT=15;

--
-- AUTO_INCREMENT for table `posts`
--
ALTER TABLE `posts`
  MODIFY `id` int(11) UNSIGNED NOT NULL AUTO_INCREMENT, AUTO_INCREMENT=23;

--
-- Constraints for dumped tables
--

--
-- Constraints for table `posts`
--
ALTER TABLE `posts`
  ADD CONSTRAINT `fk_category_id` FOREIGN KEY (`categoryId`) REFERENCES `categories` (`id`) ON DELETE SET NULL,
  ADD CONSTRAINT `fk_user_id` FOREIGN KEY (`userId`) REFERENCES `account` (`id`) ON DELETE CASCADE;
COMMIT;

/*!40101 SET CHARACTER_SET_CLIENT=@OLD_CHARACTER_SET_CLIENT */;
/*!40101 SET CHARACTER_SET_RESULTS=@OLD_CHARACTER_SET_RESULTS */;
/*!40101 SET COLLATION_CONNECTION=@OLD_COLLATION_CONNECTION */;
